Steffon Baratheon , Male
Steffon Baratheon , Spouse , Cassana Estermont
Steffon Baratheon , Father , Robert Baratheon 
Steffon Baratheon , Father , Stannis Baratheon 
Steffon Baratheon , Father , Renly Baratheon 
Cassana Estermont , Female 
Cassana Estermont , Spouse , Steffon Baratheon 
Cassana Estermont , Mother , Robbert Baratheon 
Cassana Estermont , Mother , Stannis Baratheon 
Cassana Estermont , Mother , Renly Baratheon 
Robert Baratheon , Male
Robert Baratheon , Spouse , Cersei Lannister
Robert Baratheon , Father , Gendry
Cersei Lannister , Female 
Cersei Lannister , Spouse , Robert Baratheon 
Cersei Lannister , Mother , Joffrey Baratheon 
Cersei Lannister , Mother , Myrcella Baratheon 
Cersei Lannister , Mother , Tommen Baratheon
Stannis Baratheon , Male 
Stannis Baratheon , Spouse , Selyse Baratheon 
Stannis Baratheon , Father , Shireen Baratheon 
Sylese Baratheon , Female
Sylese Baratheon , Spouse , Stannis Baratheon 
Sylese Baratheon , Mother , Shireen Baratheon
Renly Baratheon , Male 
Renly Baratheon , Spouse , Margaery Tyrell
Margaery Tyrell , Female 
Margaery Tyrell , Spouse , Renly Baratheon 
Gendry , Male 
Joffrey Baratheon , Male 
Myrcella Baratheon , Female 
Tommen Barathenon , Male 
Shireen Baratheon , Female
